Stock Code,Stock Name,Sector Classification
095570,AJ네트웍스,일반서비스
006840,AK홀딩스,기타금융
027410,BGF,기타금융
282330,BGF리테일,유통
138930,BNK금융지주,기타금융
001460,BYC,섬유·의류
001465,BYC우,섬유·의류
001040,CJ,기타금융
079160,CJ CGV,오락·문화
00104K,CJ4우(전환),기타금융
000120,CJ대한통운,운송·창고
011150,CJ씨푸드,음식료·담배
011155,CJ씨푸드1우,음식료·담배
001045,CJ우,기타금융
097950,CJ제일제당,음식료·담배
097955,CJ제일제당 우,음식료·담배
000480,CR홀딩스,비금속
000590,CS홀딩스,기타금융
012030,DB,IT 서비스
005830,DB손해보험,보험
016610,DB증권,증권
000990,DB하이텍,전기·전자
000300,DH오토넥스,운송장비·부품
001530,DI동일,유통
015590,DKME,기계·장비
000210,DL,화학
000215,DL우,화학
375500,DL이앤씨,건설
37550L,DL이앤씨2우(전환),건설
37550K,DL이앤씨우,건설
007340,DN오토모티브,전기·전자
004840,DRB동일,화학
155660,DSR,금속
069730,DSR제강,금속
017860,DS단석,화학
092780,DYP,운송장비·부품
017940,E1,유통
365550,ESR켄달스퀘어리츠,부동산
383220,F&F,섬유·의류
007700,F&F홀딩스,기타금융
114090,GKL,오락·문화
078930,GS,기타금융
006360,GS건설,건설
001250,GS글로벌,유통
007070,GS리테일,유통
078935,GS우,기타금융
499790,GS피앤엘,기타금융
012630,HDC,기타금융
039570,HDC랩스,건설
089470,HDC현대EP,화학
267270,HD건설기계,기계·장비
009540,HD한국조선해양,기타금융
267250,HD현대,기타금융
443060,HD현대마린솔루션,일반서비스
071970,HD현대마린엔진,기계·장비
322000,HD현대에너지솔루션,전기·전자
267260,HD현대일렉트릭,전기·전자
329180,HD현대중공업,운송장비·부품
097230,HJ중공업,건설
014790,HL D&I,건설
003580,HLB글로벌,유통
204320,HL만도,운송장비·부품
060980,HL홀딩스,기타금융
011200,HMM,운송·창고
035000,HS애드,일반서비스
002460,HS화성,건설
487570,HS효성,기타금융
298050,HS효성첨단소재,화학
015360,INVENI,일반서비스
294870,IPARK현대산업개발,건설
175330,JB금융지주,기타금융
234080,JW생명과학,제약
001060,JW중외제약,제약
001067,JW중외제약2우B,제약
001065,JW중외제약우,제약
096760,JW홀딩스,기타금융
008970,KBI동양철관,금속
105560,KB금융,기타금융
415640,KB발해인프라,기타금융
432320,KB스타리츠,부동산
002380,KCC,화학
344820,KCC글라스,비금속
009070,KCTC,운송·창고
009440,KC그린홀딩스,기타금융
119650,KC코트렐,기계·장비
092220,KEC,전기·전자
003620,KG모빌리티,운송장비·부품
016380,KG스틸,금속
001390,KG케미칼,화학
001940,KISCO홀딩스,금속
025000,KPX케미칼,화학
092230,KPX홀딩스,화학
000040,KR모터스,운송장비·부품
044450,KSS해운,운송·창고
030200,KT,통신
033780,KT&G,음식료·담배
058850,KTcs,IT 서비스
058860,KTis,IT 서비스
093050,LF,섬유·의류
003550,LG,기타금융
034220,LG디스플레이,전기·전자
051900,LG생활건강,화학
051905,LG생활건강우,화학
064400,LG씨엔에스,IT 서비스
373220,LG에너지솔루션,전기·전자
003555,LG우,기타금융
032640,LG유플러스,통신
011070,LG이노텍,전기·전자
066570,LG전자,전기·전자
066575,LG전자우,전기·전자
037560,LG헬로비전,오락·문화
051910,LG화학,화학
051915,LG화학우,화학
079550,LIG디펜스앤에어로스페이스,금속
006260,LS,기타금융
010120,LS ELECTRIC,전기·전자
000680,LS네트웍스,유통
229640,LS에코에너지,기타금융
108320,LX세미콘,전기·전자
001120,LX인터내셔널,유통
108670,LX하우시스,화학
108675,LX하우시스우,화학
383800,LX홀딩스,기타금융
38380K,LX홀딩스1우,기타금융
023150,MH에탄올,음식료·담배
035420,NAVER,IT 서비스
036570,NC,IT 서비스
181710,NHN,IT 서비스
400760,NH올원리츠,부동산
005940,NH투자증권,증권
005945,NH투자증권우,증권
338100,NH프라임리츠,부동산
034310,NICE,일반서비스
030190,NICE평가정보,IT 서비스
008260,NI스틸,금속
004250,NPC,화학
004255,NPC우,화학
456040,OCI,화학
010060,OCI홀딩스,기타금융
178920,PI첨단소재,화학
001340,PKC,화학
005490,POSCO홀딩스,금속
010950,S-Oil,화학
010955,S-Oil우,화학
034120,SBS,오락·문화
003080,SB성보,화학
005090,SGC에너지,전기·가스
001380,SG글로벌,운송장비·부품
004060,SG세계물산,유통
001770,SHD,금속
002360,SH에너지화학,화학
009160,SIMPAC,금속
033530,SJG세종,운송장비·부품
123700,SJM,운송장비·부품
025530,SJM홀딩스,유통
034730,SK,기타금융
011790,SKC,화학
018670,SK가스,유통
001740,SK네트웍스,유통
006120,SK디스커버리,기타금융
006125,SK디스커버리우,기타금융
210980,SK디앤디,부동산
395400,SK리츠,부동산
302440,SK바이오사이언스,제약
326030,SK바이오팜,일반서비스
402340,SK스퀘어,기타금융
361610,SK아이이테크놀로지,전기·전자
100090,SK오션플랜트,금속
03473K,SK우,기타금융
096770,SK이노베이션,화학
096775,SK이노베이션우,화학
475150,SK이터닉스,건설
001510,SK증권,증권
001515,SK증권우,증권
285130,SK케미칼,화학
28513K,SK케미칼우,화학
017670,SK텔레콤,통신
000660,SK하이닉스,전기·전자
003570,SNT다이내믹스,운송장비·부품
064960,SNT모티브,운송장비·부품
100840,SNT에너지,기계·장비
036530,SNT홀딩스,기타금융
000390,SP삼화,화학
011810,STX,유통
465770,STX그린로지스,운송·창고
077970,STX엔진,기계·장비
002820,SUN&L,화학
002170,SYTS,섬유·의류
084870,TBH글로벌,섬유·의류
002710,TCC스틸,금속
069260,TKG휴켐스,화학
007980,TP,섬유·의류
002900,TYM,기계·장비
024070,WISCOM,화학
037270,YG PLUS,IT 서비스
139130,iM금융지주,기타금융
000500,가온전선,전기·전자
000860,강남제비스코,화학
035250,강원랜드,오락·문화
011420,갤럭시아에스엠,오락·문화
002100,경농,화학
009450,경동나비엔,전기·전자
267290,경동도시가스,전기·가스
012320,경동인베스트,기타금융
000050,경방,유통
214390,경보제약,제약
012610,경인양행,화학
009140,경인전자,전기·전자
013580,계룡건설,건설
012200,계양전기,기계·장비
012205,계양전기우,기계·장비
002140,고려산업,음식료·담배
010130,고려아연,금속
002240,고려제강,금속
009290,광동제약,제약
017040,광명전기,전기·전자
017900,광전자,전기·전자
037710,광주신세계,유통
030610,교보증권,증권
339770,교촌에프앤비,유통
007690,국도화학,화학
002720,국제약품,제약
083420,그린케미칼,화학
014530,극동유화,화학
014280,금강공업,금속
014285,금강공업우,금속
008870,금비,비금속
001570,금양,화학
002990,금호건설,건설
002995,금호건설우,건설
011780,금호석유화학,화학
011785,금호석유화학우,화학
214330,금호에이치티,운송장비·부품
001210,금호전기,전기·전자
073240,금호타이어,화학
092440,기신정기,기계·장비
000270,기아,운송장비·부품
024110,기업은행,은행
013700,까뮤이앤씨,건설
004540,깨끗한나라,종이·목재
004545,깨끗한나라우,종이·목재
001260,남광토건,건설
008350,남선알미늄,금속
008355,남선알미우,금속
004270,남성,유통
003920,남양유업,음식료·담배
003925,남양유업우,음식료·담배
025860,남해화학,화학
005720,넥센,화학
005725,넥센우,화학
002350,넥센타이어,화학
002355,넥센타이어1우B,화학
092790,넥스틸,금속
251270,넷마블,IT 서비스
090350,노루페인트,화학
090355,노루페인트우,화학
000320,노루홀딩스,기타금융
000325,노루홀딩스우,기타금융
006280,녹십자,제약
005250,녹십자홀딩스,일반서비스
005257,녹십자홀딩스2우,일반서비스
004370,농심,음식료·담배
072710,농심홀딩스,기타금융
058730,다스코,금속
030210,다올투자증권,증권
023590,다우기술,IT 서비스
145210,다이나믹디자인,기계·장비
483650,달바글로벌,화학
019680,대교,일반서비스
019685,대교우B,일반서비스
006370,대구백화점,유통
008060,대덕,기타금융
00806K,대덕1우,기타금융
353200,대덕전자,전기·전자
35320K,대덕전자1우,전기·전자
000490,대동,기계·장비
005750,대림바스,비금속
006570,대림통상,금속
001680,대상,음식료·담배
001685,대상우,음식료·담배
084690,대상홀딩스,기타금융
084695,대상홀딩스우,기타금융
128820,대성산업,유통
117580,대성에너지,전기·가스
016710,대성홀딩스,일반서비스
0030R0,대신밸류리츠,기타금융
003540,대신증권,증권
003547,대신증권2우B,증권
003545,대신증권우,증권
009190,대양금속,금속
014160,대영포장,종이·목재
047040,대우건설,건설
003090,대웅,제약
069620,대웅제약,제약
000430,대원강업,운송장비·부품
006340,대원전선,전기·전자
006345,대원전선우,전기·전자
003220,대원제약,제약
024890,대원화성,화학
012800,대창,금속
015230,대창단조,운송장비·부품
001070,대한방직,섬유·의류
006650,대한유화,화학
001440,대한전선,전기·전자
084010,대한제강,금속
001790,대한제당,음식료·담배
001795,대한제당우,음식료·담배
001130,대한제분,음식료·담배
439260,대한조선,운송장비·부품
003490,대한항공,운송·창고
003495,대한항공우,운송·창고
005880,대한해운,운송·창고
003830,대한화섬,화학
016090,대현,섬유·의류
069460,대호에이엘,금속
475560,더본코리아,유통
192080,더블유게임즈,IT 서비스
012510,더존비즈온,IT 서비스
004830,덕성,화학
004835,덕성우,화학
145720,덴티움,의료·정밀기기
002150,도화엔지니어링,일반서비스
460850,동국씨엠,금속
460860,동국제강,금속
001230,동국홀딩스,기타금융
023450,동남합성,화학
004140,동방,운송·창고
007590,동방아그로,화학
005960,동부건설,건설
005965,동부건설우,건설
026960,동서,유통
002210,동성제약,제약
102260,동성케미컬,화학
000640,동아쏘시오홀딩스,기타금융
170900,동아에스티,제약
028100,동아지질,건설
001520,동양,비금속
001527,동양2우B,비금속
084670,동양고속,운송·창고
082640,동양생명,보험
001525,동양우,비금속
018500,동원금속,운송장비·부품
006040,동원산업,기타금융
030720,동원수산,농업 임업 및 어업
014820,동원시스템즈,화학
014825,동원시스템즈우,화학
111380,동인기연,섬유·의류
163560,동일고무벨트,화학
004890,동일산업,금속
002690,동일제강,금속
000020,동화약품,제약
000150,두산,전기·전자
000157,두산2우B,전기·전자
454910,두산로보틱스,기계·장비
241560,두산밥캣,기계·장비
034020,두산에너빌리티,기계·장비
000155,두산우,전기·전자
336260,두산퓨얼셀,전기·전자
33626K,두산퓨얼셀1우,전기·전자
33626L,두산퓨얼셀2우B,전기·전자
016740,두올,운송장비·부품
192650,드림텍,전기·전자
024090,디씨엠,금속
003160,디아이,의료·정밀기기
092200,디아이씨,운송장비·부품
377190,디앤디플랫폼리츠,부동산
013570,디와이,기타금융
024900,디와이덕양,운송장비·부품
002880,디와이에이,운송장비·부품
210540,디와이파워,기계·장비
032350,롯데관광개발,일반서비스
089860,롯데렌탈,일반서비스
330590,롯데리츠,부동산
000400,롯데손해보험,보험
023530,롯데쇼핑,유통
020150,롯데에너지머티리얼즈,전기·전자
280360,롯데웰푸드,음식료·담배
286940,롯데이노베이트,IT 서비스
004000,롯데정밀화학,화학
004990,롯데지주,기타금융
00499K,롯데지주우,기타금융
005300,롯데칠성,음식료·담배
005305,롯데칠성우,음식료·담배
011170,롯데케미칼,화학
071840,롯데하이마트,유통
027740,마니커,음식료·담배
357430,마스턴프리미어리츠,부동산
001080,만호제강,금속
088980,맥쿼리인프라,기타금융
094800,맵스리얼티,기타금융
138040,메리츠금융지주,기타금융
090370,메타랩스,섬유·의류
118000,메타케어,유통
017180,명문제약,제약
009900,명신산업,운송장비·부품
317450,명인제약,제약
012690,모나리자,종이·목재
005360,모나미,유통
070960,모나용평,일반서비스
009680,모토닉,운송장비·부품
009580,무림P&P,종이·목재
009200,무림페이퍼,종이·목재
033920,무학,음식료·담배
008420,문배철강,금속
025560,미래산업,의료·정밀기기
007120,미래아이앤지,IT 서비스
396690,미래에셋글로벌리츠,부동산
357250,미래에셋맵스리츠,부동산
085620,미래에셋생명,보험
006800,미래에셋증권,증권
00680K,미래에셋증권2우B,증권
006805,미래에셋증권우,증권
081660,미스토홀딩스,유통
002840,미원상사,화학
268280,미원에스씨,화학
107590,미원홀딩스,기타금융
134380,미원화학,화학
003650,미창석유,화학
377740,바이오노트,제약
003610,방림,섬유·의류
035150,백산,화학
002410,범양건영,건설
007210,벽산,비금속
002760,보락,화학
003850,보령,제약
000890,보해양조,음식료·담배
003000,부광약품,제약
001270,부국증권,증권
001275,부국증권우,증권
026940,부국철강,금속
011390,부산산업,비금속
005030,부산주공,운송장비·부품
006740,블루산업개발,종이·목재
002070,비비안,섬유·의류
100220,비상교육,오락·문화
090460,비에이치,전기·전자
005180,빙그레,음식료·담배
003960,사조대림,음식료·담배
008040,사조동아원,음식료·담배
007160,사조산업,음식료·담배
014710,사조씨푸드,음식료·담배
006090,사조오양,음식료·담배
062040,산일전기,전기·전자
005610,삼립,음식료·담배
001470,삼부토건,건설
028050,삼성E&A,일반서비스
448730,삼성FN리츠,부동산
006400,삼성SDI,전기·전자
006405,삼성SDI우,전기·전자
006660,삼성공조,운송장비·부품
028260,삼성물산,유통
02826K,삼성물산우B,유통
207940,삼성바이오로직스,제약
032830,삼성생명,보험
018260,삼성에스디에스,IT 서비스
0126Z0,삼성에피스홀딩스,기타금융
009150,삼성전기,전기·전자
009155,삼성전기우,전기·전자
005930,삼성전자,전기·전자
005935,삼성전자우,전기·전자
001360,삼성제약,제약
010140,삼성중공업,운송장비·부품
016360,삼성증권,증권
068290,삼성출판사,오락·문화
029780,삼성카드,기타금융
000810,삼성화재,보험
000815,삼성화재우,보험
006110,삼아알미늄,금속
0120G0,삼양바이오팜,제약
145990,삼양사,음식료·담배
145995,삼양사우,음식료·담배
003230,삼양식품,음식료·담배
272550,삼양패키징,화학
000070,삼양홀딩스,기타금융
003720,삼영,화학
002810,삼영무역,유통
005680,삼영전자,전기·전자
023000,삼원강재,운송장비·부품
004380,삼익THK,기계·장비
002450,삼익악기,기타제조
004440,삼일씨엔에스,비금속
000520,삼일제약,제약
009770,삼정펄프,종이·목재
005500,삼진제약,제약
004690,삼천리,전기·가스
010960,삼호개발,건설
004450,삼화왕관,금속
009470,삼화전기,전기·전자
011230,삼화전자,전기·전자
001820,삼화콘덴서,전기·전자
001290,상상인증권,증권
041650,상신브레이크,운송장비·부품
075180,새론오토모티브,운송장비·부품
007540,샘표,기타금융
248170,샘표식품,음식료·담배
007860,서연,기타금융
200880,서연이화,운송장비·부품
017390,서울가스,전기·가스
031210,서울보증보험,보험
004410,서울식품,음식료·담배
004415,서울식품우,음식료·담배
021050,서원,금속
008490,서흥,화학
007610,선도전기,전기·전자
136490,선진,음식료·담배
014910,성문전자,전기·전자
014915,성문전자우,전기·전자
004980,성신양회,비금속
004985,성신양회우,비금속
000180,성창기업지주,일반서비스
002420,세기상사,유통
004360,세방,운송·창고
004365,세방우,운송·창고
004490,세방전지,전기·전자
001430,세아베스틸지주,금속
306200,세아제강,금속
003030,세아제강지주,기타금융
058650,세아홀딩스,금속
013000,세우글로벌,유통
021820,세원정공,운송장비·부품
067830,세이브존I&C,유통
075580,세진중공업,운송장비·부품
068270,셀트리온,제약
336370,솔루스첨단소재,전기·전자
33637K,솔루스첨단소재1우,전기·전자
33637L,솔루스첨단소재2우B,전기·전자
248070,솔루엠,전기·전자
004430,송원산업,화학
017550,수산세보틱스,기계·장비
126720,수산인더스트리,건설
053210,스카이라이프,오락·문화
204210,스타에스엠리츠,부동산
026890,스틱인베스트먼트,기타금융
134790,시디즈,기타제조
462870,시프트업,IT 서비스
016590,신대양제지,종이·목재
029530,신도리코,전기·전자
004970,신라교역,농업 임업 및 어업
011930,신성이엔지,전기·전자
004170,신세계,유통
035510,신세계 I&C,IT 서비스
031430,신세계인터내셔날,유통
031440,신세계푸드,일반서비스
006880,신송홀딩스,유통
005800,신영와코루,섬유·의류
001720,신영증권,증권
009270,신원,섬유·의류
002700,신일전자,유통
002870,신풍,유통
019170,신풍제약,제약
019175,신풍제약우,제약
481850,신한글로벌액티브리츠,기타금융
404990,신한서부티엔디리츠,부동산
293940,신한알파리츠,부동산
055550,신한지주,기타금융
004080,신흥,유통
004770,써니전자,전기·전자
403550,쏘카,일반서비스
004920,씨아이테크,전기·전자
112610,씨에스윈드,금속
480370,씨케이솔루션,기계·장비
308170,씨티알모빌리티,운송장비·부품
008700,아남전자,전기·전자
090430,아모레퍼시픽,화학
090435,아모레퍼시픽우,화학
002790,아모레퍼시픽홀딩스,화학
00279K,아모레퍼시픽홀딩스3우C,화학
002795,아모레퍼시픽홀딩스우,화학
002030,아세아,일반서비스
183190,아세아시멘트,비금속
002310,아세아제지,종이·목재
012170,아센디오,오락·문화
267850,아시아나IDT,IT 서비스
020560,아시아나항공,운송·창고
122900,아이마켓코리아,유통
010780,아이에스동서,비금속
031820,아이티센씨티에스,IT 서비스
139990,아주스틸,금속
009320,아진전자부품,운송장비·부품
001780,알루코,금속
018250,애경산업,화학
161000,애경케미칼,화학
011090,에넥스,기타제조
137310,에스디바이오센서,의료·정밀기기
005850,에스엘,운송장비·부품
010580,에스엠벡셀,운송장비·부품
012750,에스원,일반서비스
023960,에쓰씨엔지니어링,건설
298690,에어부산,운송·창고
140910,에이리츠,부동산
078520,에이블씨엔씨,화학
015260,에이엔피,전기·전자
007460,에이프로젠,제약
003060,에이프로젠바이오로직스,제약
244920,에이플러스에셋,기타금융
278470,에이피알,화학
450080,에코프로머티,전기·전자
019490,엑시큐어하이트론,전기·전자
085310,엔케이,금속
900140,엘브이엠씨홀딩스,유통
066970,엘앤에프,전기·전자
097520,엠씨넥스,전기·전자
484870,엠앤씨솔루션,기계·장비
014440,영보화학,화학
111770,영원무역,유통
009970,영원무역홀딩스,기타금융
003520,영진약품,제약
000670,영풍,금속
012280,영화금속,운송장비·부품
012160,영흥,금속
007310,오뚜기,음식료·담배
002630,오리엔트바이오,제약
271560,오리온,음식료·담배
001800,오리온홀딩스,기타금융
005320,온타이드,유통
011690,와이투솔루션,전기·전자
316140,우리금융지주,기타금융
006980,우성,음식료·담배
011300,우성머티리얼스,섬유·의류
017370,우신시스템,기계·장비
105840,우진,의료·정밀기기
010400,우진아이엔에스,건설
049800,우진플라임,기계·장비
016880,웅진,일반서비스
095720,웅진씽크빅,일반서비스
005820,원림,섬유·의류
008600,윌비스,유통
033270,유나이티드제약,제약
014830,유니드,화학
446070,유니드비티플러스,종이·목재
000910,유니온,비금속
047400,유니온머티리얼,비금속
011330,유니켐,운송장비·부품
077500,유니퀘스트,유통
002920,유성기업,운송장비·부품
000700,유수홀딩스,일반서비스
003470,유안타증권,증권
003475,유안타증권우,증권
072130,유엔젤,IT 서비스
000220,유유제약,제약
000225,유유제약1우,제약
000227,유유제약2우B,제약
001200,유진투자증권,증권
000100,유한양행,제약
000105,유한양행우,제약
003460,유화증권,증권
003465,유화증권우,증권
008730,율촌화학,화학
008250,이건산업,종이·목재
025820,이구산업,금속
214320,이노션,일반서비스
088260,이리츠코크렙,부동산
139480,이마트,유통
457190,이수스페셜티케미컬,화학
007660,이수페타시스,전기·전자
005950,이수화학,화학
015020,이스타코,부동산
074610,이엔플러스,기계·장비
102460,이연제약,제약
084680,이월드,기타제조
350520,이지스레지던스리츠,부동산
334890,이지스밸류플러스리츠,부동산
000760,이화산업,유통
014990,인디에프,섬유·의류
101140,인바이오젠,유통
006490,인스코비,통신
023800,인지컨트롤스,운송장비·부품
034590,인천도시가스,전기·가스
129260,인터지스,운송·창고
023810,인팩,운송장비·부품
249420,일동제약,제약
000230,일동홀딩스,제약
013360,일성건설,건설
003120,일성아이에스,제약
003200,일신방직,섬유·의류
007110,일신석재,유통
007570,일양약품,제약
007575,일양약품우,제약
008500,일정실업,섬유·의류
081000,일진다이아,화학
020760,일진디스플,전기·전자
103590,일진전기,전기·전자
271940,일진하이솔루스,운송장비·부품
015860,일진홀딩스,기타금융
226320,잇츠한불,화학
317400,자이에스앤디,부동산
033240,자화전자,전기·전자
000950,전방,섬유·의류
079900,전진건설로봇,기계·장비
348950,제이알글로벌리츠,부동산
194370,제이에스코퍼레이션,섬유·의류
030000,제일기획,일반서비스
271980,제일약품,제약
001560,제일연마,비금속
002620,제일파마홀딩스,일반서비스
006220,제주은행,은행
089590,제주항공,운송·창고
004910,조광페인트,화학
004700,조광피혁,섬유·의류
001550,조비,화학
462520,조선내화,비금속
120030,조선선재,금속
018470,조일알미늄,금속
002600,조흥,음식료·담배
185750,종근당,제약
063160,종근당바이오,제약
001630,종근당홀딩스,제약
109070,주성코퍼레이션,전기·전자
044380,주연테크,전기·전자
013890,지누스,기타제조
013870,지엠비코리아,운송장비·부품
071320,지역난방공사,전기·가스
088790,진도,유통
003780,진양산업,화학
010640,진양폴리,화학
100250,진양홀딩스,화학
051630,진양화학,화학
272450,진에어,운송·창고
011000,진원생명과학,제약
002780,진흥기업,건설
002787,진흥기업2우B,건설
002785,진흥기업우B,건설
025620,차AI헬스케어,화학
009310,참엔지니어링,기계·장비
000650,천일고속,운송·창고
033250,체시스,운송장비·부품
035720,카카오,IT 서비스
323410,카카오뱅크,은행
377300,카카오페이,기타금융
006380,카프로,화학
279570,케이뱅크,은행
001620,케이비아이동국실업,운송장비·부품
029460,케이씨,의료·정밀기기
281820,케이씨텍,의료·정밀기기
381970,케이카,유통
145270,케이탑리츠,부동산
417310,코람코더원리츠,부동산
357120,코람코라이프인프라리츠,부동산
007815,코리아써우,전기·전자
007810,코리아써키트,전기·전자
00781K,코리아써키트2우B,전기·전자
003690,코리안리,보험
192820,코스맥스,화학
044820,코스맥스비티아이,기타금융
005070,코스모신소재,화학
005420,코스모화학,화학
071950,코아스,기타제조
002020,코오롱,기타금융
003070,코오롱글로벌,건설
003075,코오롱글로벌우,건설
002025,코오롱우,기타금융
120110,코오롱인더,화학
120115,코오롱인더우,화학
021240,코웨이,일반서비스
036420,콘텐트리중앙,오락·문화
024720,콜마홀딩스,기타금융
192400,쿠쿠홀딩스,기타금융
284740,쿠쿠홈시스,일반서비스
264900,크라운제과,음식료·담배
26490K,크라운제과우,음식료·담배
005740,크라운해태홀딩스,기타금융
005745,크라운해태홀딩스우,기타금융
259960,크래프톤,IT 서비스
020120,키다리스튜디오,IT 서비스
039490,키움증권,증권
014580,태경비케이,비금속
015890,태경산업,화학
006890,태경케미컬,화학
003240,태광산업,화학
011280,태림포장,종이·목재
004100,태양금속,운송장비·부품
004105,태양금속우,운송장비·부품
009410,태영건설,건설
009415,태영건설우,건설
001420,태원물산,운송장비·부품
055490,테이팩스,화학
078000,텔코웨어,IT 서비스
214420,토니모리,화학
091810,트리니티항공,운송·창고
019180,티에이치엔,전기·전자
217590,티엠씨,전기·전자
363280,티와이홀딩스,기타금융
36328K,티와이홀딩스우,기타금융
004870,티웨이홀딩스,비금속
034230,파라다이스,오락·문화
005690,파미셀,전기·전자
036580,팜스코,음식료·담배
004720,팜젠사이언스,제약
028670,팬오션,운송·창고
010820,퍼스텍,금속
016800,퍼시스,기타제조
001020,페이퍼코리아,종이·목재
090080,평화산업,운송장비·부품
010770,평화홀딩스,운송장비·부품
022100,포스코DX,일반서비스
058430,포스코스틸리온,금속
047050,포스코인터내셔널,유통
003670,포스코퓨처엠,전기·전자
017810,풀무원,음식료·담배
103140,풍산,금속
005810,풍산홀딩스,기타금융
950210,프레스티지바이오파마,일반서비스
009810,플레이그램,유통
086790,하나금융지주,기타금융
293480,하나제약,제약
039130,하나투어,일반서비스
352820,하이브,오락·문화
071090,하이스틸,금속
000080,하이트진로,음식료·담배
000087,하이트진로2우B,음식료·담배
000140,하이트진로홀딩스,기타금융
000145,하이트진로홀딩스우,기타금융
036460,한국가스공사,전기·가스
005430,한국공항,운송·창고
071050,한국금융지주,기타금융
071055,한국금융지주우,기타금융
010040,한국내화,비금속
025540,한국단자,전기·전자
010100,한국무브넥스,운송장비·부품
004090,한국석유,비금속
002200,한국수출포장,종이·목재
002960,한국쉘석유,화학
000240,한국앤컴퍼니,기타금융
123890,한국자산신탁,기타금융
015760,한국전력,전기·가스
006200,한국전자홀딩스,기타금융
027970,한국제지,종이·목재
023350,한국종합기술,일반서비스
025890,한국주강,기계·장비
000970,한국주철관,금속
104700,한국철강,금속
017960,한국카본,금속
161890,한국콜마,화학
161390,한국타이어앤테크놀로지,화학
034830,한국토지신탁,기타금융
007280,한국특강,금속
047810,한국항공우주,운송장비·부품
123690,한국화장품,유통
003350,한국화장품제조,화학
011500,한농화성,화학
002390,한독,제약
053690,한미글로벌,일반서비스
042700,한미반도체,기계·장비
008930,한미사이언스,기타금융
128940,한미약품,제약
009240,한샘,유통
020000,한섬,섬유·의류
003680,한성기업,음식료·담배
105630,한세실업,섬유·의류
069640,한세엠케이,유통
016450,한세예스24홀딩스,섬유·의류
009180,한솔로지스틱스,운송·창고
213500,한솔제지,종이·목재
014680,한솔케미칼,화학
004710,한솔테크닉스,전기·전자
004150,한솔홀딩스,기타금융
025750,한솔홈데코,종이·목재
004960,한신공영,건설
011700,한신기계,기계·장비
001750,한양증권,증권
001755,한양증권우,증권
018880,한온시스템,기계·장비
009420,한올바이오파마,제약
014130,한익스프레스,운송·창고
300720,한일시멘트,비금속
002220,한일철강,금속
003300,한일홀딩스,비금속
051600,한전KPS,건설
052690,한전기술,일반서비스
130660,한전산업,일반서비스
002320,한진,운송·창고
003480,한진중공업홀딩스,전기·가스
180640,한진칼,기타금융
18064K,한진칼우,기타금융
005110,한창,유통
009460,한창제지,종이·목재
372910,한컴라이프케어,의료·정밀기기
000880,한화,화학
00088K,한화3우B,화학
452260,한화갤러리아,유통
45226K,한화갤러리아우,유통
451800,한화리츠,부동산
489790,한화비전,전기·전자
088350,한화생명,보험
000370,한화손해보험,보험
009830,한화솔루션,화학
009835,한화솔루션우,화학
272210,한화시스템,전기·전자
012450,한화에어로스페이스,운송장비·부품
082740,한화엔진,기계·장비
042660,한화오션,운송장비·부품
003530,한화투자증권,증권
003535,한화투자증권우,증권
195870,해성디에스,전기·전자
101530,해태제과식품,음식료·담배
143210,핸즈코퍼레이션,운송장비·부품
000720,현대건설,건설
000725,현대건설우,건설
453340,현대그린푸드,유통
086280,현대글로비스,운송·창고
064350,현대로템,운송장비·부품
079430,현대리바트,기타제조
012330,현대모비스,운송장비·부품
069960,현대백화점,유통
004560,현대비앤지스틸,금속
004310,현대약품,제약
017800,현대엘리베이터,기계·장비
307950,현대오토에버,IT 서비스
011210,현대위아,운송장비·부품
004020,현대제철,금속
005440,현대지에프홀딩스,기타금융
005380,현대차,운송장비·부품
005387,현대차2우B,운송장비·부품
005389,현대차3우B,운송장비·부품
005385,현대차우,운송장비·부품
001500,현대차증권,증권
011760,현대코퍼레이션,유통
227840,현대코퍼레이션홀딩스,유통
126560,현대퓨처넷,통신
001450,현대해상,보험
057050,현대홈쇼핑,유통
093240,형지엘리트,섬유·의류
003010,혜인,유통
111110,호전실업,섬유·의류
008770,호텔신라,유통
008775,호텔신라우,유통
378850,화승알앤에이,운송장비·부품
241590,화승엔터프라이즈,섬유·의류
006060,화승인더,유통
013520,화승코퍼레이션,운송장비·부품
010690,화신,운송장비·부품
133820,화인베스틸,금속
010660,화천기계,기계·장비
000850,화천기공,기계·장비
016580,환인제약,제약
032560,황금에스티,금속
004800,효성,기타금융
094280,효성ITX,일반서비스
298040,효성중공업,전기·전자
298020,효성티앤씨,화학
298000,효성화학,화학
093370,후성,화학
005870,휴니드,전기·전자
079980,휴비스,화학
005010,휴스틸,금속
000540,흥국화재,보험
000545,흥국화재우,보험
003280,흥아해운,운송·창고
060310,3S,의료·정밀기기
054620,APS,금융
079810,APS이노베이션,전기·전자
265520,AP시스템,기계·장비
211270,AP위성,전기·전자
126600,BGF에코머티리얼즈,화학
083790,CG인바이츠,일반서비스
035760,CJ ENM,오락·문화
311690,CJ 바이오사이언스,일반서비스
051500,CJ프레시웨이,유통
058820,CMG제약,제약
056730,CNT85,건설
065770,CS,전기·전자
083660,CSA 코스믹,화학
477760,DB금융스팩12호,금융
099520,DGI,전기·전자
290120,DH오토리드,운송장비·부품
025440,DH오토웨어,전기·전자
068790,DMS,기계·장비
241520,DSC인베스트먼트,금융
180400,DXVX,일반서비스
418620,E8,IT 서비스
245620,EDGC,일반서비스
037370,EG,화학
050120,ES큐브,유통
214270,FSN,IT 서비스
032620,GC메디아이,IT 서비스
130500,GH신소재,섬유·의류
900290,GRT,금융
083450,GST,기계·장비
297890,HB솔루션,기계·장비
440290,HB인베스트먼트,금융
078150,HB테크놀러지,기계·장비
225530,HC보광산업,비금속
060560,HC홈센타,유통
376270,HEM파마,일반서비스
195940,HK이노엔,제약
028300,HLB,제약
278650,HLB바이오스텝,일반서비스
067630,HLB생명과학,제약
024850,HLB이노베이션,전기·전자
187420,HLB제넥스,제약
047920,HLB제약,일반서비스
115450,HLB테라퓨틱스,유통
046210,HLB파나진,제약
196300,HLB펩,제약
403870,HPSP,기계·장비
036640,HRS,화학
467930,IBKS제23호스팩,금융
469480,IBKS제24호스팩,금융
0099X0,IBKS제25호스팩,금융
095340,ISC,유통
950170,JTC,유통
067290,JW신약,제약
035900,JYP Ent.,오락·문화
318000,KBG,화학
024840,KBI메탈,금속
024120,KB오토시스,운송장비·부품
464680,KB제27호스팩,금융
478390,KB제29호스팩,금융
486630,KB제30호스팩,금융
492220,KB제31호스팩,금융
0037T0,KB제32호스팩,금융
0072Z0,KB제33호스팩,금융
021320,KCC건설,건설
044180,KD,건설
151860,KG에코솔루션,운송장비·부품
035600,KG이니시스,IT 서비스
046440,KG파이낸셜,IT 서비스
060720,KH바텍,전기·전자
058400,KNN,오락·문화
101000,KS인더스트리,기계·장비
089600,KT나스미디어,일반서비스
418470,KT밀리의서재,IT 서비스
043610,KT지니뮤직,오락·문화
122450,KX,오락·문화
052900,KX하이텍,화학
036560,KZ정밀,기계·장비
061970,LB세미콘,전기·전자
309960,LB인베스트먼트,금융
073490,LIG아큐버,전기·전자
225190,LK삼양,의료·정밀기기
060370,LS마린솔루션,건설
417200,LS머트리얼즈,전기·전자
078020,LS증권,금융
322180,LS티라유텍,IT 서비스
476080,M83,오락·문화
086960,MDS테크,IT 서비스
160550,NEW,오락·문화
053290,NE능률,오락·문화
060250,NHN KCP,금융
104200,NHN벅스,IT 서비스
054050,NH농우바이오,농업 임업 및 어업
063570,NICE인프라,일반서비스
222160,NPX,기계·장비
024940,PN풍년,유통
332570,PS일렉트로닉스,전기·전자
218410,RFHIC,전기·전자
327260,RF머트리얼즈,전기·전자
474610,RF시스템즈,금속
091340,S&K폴리텍,전기·전자
419530,SAMG엔터,오락·문화
019550,SBI인베스트먼트,금융
246960,SCL사이언스,제약
099220,SDN,유통
036540,SFA반도체,전기·전자
255220,SG,비금속
040610,SG&G,운송장비·부품
184230,SGA솔루션즈,IT 서비스
016250,SGC E&C,건설
357880,SKAI,IT 서비스
048550,SM C&C,일반서비스
063440,SM Life Design,출판·매체복제
067160,SOOP,IT 서비스
289080,SV인베스트먼트,금융
041930,SY동아,화학
013720,THE CUBE&,운송장비·부품
089230,THE E&M,IT 서비스
032540,TJ미디어,전기·전자
048770,TPC로보틱스,기계·장비
246690,TS인베스트먼트,금융
317240,TS트릴리온,화학
057030,YBM넷,일반서비스
040300,YTN,오락·문화
051390,YW,유통
052220,iMBC,오락·문화
079940,가비아,IT 서비스
078890,가온그룹,전기·전자
399720,가온칩스,전기·전자
036620,감성코퍼레이션,유통
198440,강동씨앤엘,비금속
217730,강스템바이오텍,제약
114190,강원에너지,전기·전자
094480,갤럭시아머니트리,IT 서비스
039240,경남스틸,금속
053950,경남제약,제약
011040,경동제약,제약
024910,경창산업,운송장비·부품
049720,고려신용정보,일반서비스
014570,고려제약,제약
348150,고바이오랩,일반서비스
950190,고스트스튜디오,IT 서비스
098460,고영,기계·장비
035290,골드앤에스,오락·문화
215000,골프존,IT 서비스
121440,골프존홀딩스,유통
366030,공구우먼,섬유·의류
029480,광무,전기·전자
026910,광진실업,금속
465320,교보15호스팩,금융
482520,교보16호스팩,금융
489210,교보17호스팩,금융
0041B0,교보18호스팩,금융
0098T0,교보19호스팩,금융
0132G0,교보20호스팩,금융
053270,구영테크,운송장비·부품
066620,국보디자인,건설
043650,국순당,음식료·담배
006050,국영지앤엠,비금속
060480,국일신동,금속
078130,국일제지,종이·목재
307750,국전,제약
035080,그래디언트,유통
318060,그래피,화학
453450,그리드위즈,일반서비스
204020,그리티,섬유·의류
0015G0,그린광학,의료·정밀기기
402490,그린리소스,전기·전자
114450,그린생명과학,제약
186230,그린플러스,금속
900070,글로벌에스엠,금융
204620,글로벌텍스프리,금융
019660,글로본,유통
053260,금강철강,금속
282720,금양그린파워,건설
036190,금화피에스시,건설
049080,기가레인,전기·전자
420770,기가비스,기계·장비
035460,기산텔레콤,전기·전자
407400,꿈비,기타제조
187790,나노,화학
121600,나노신소재,화학
286750,나노실리칸첨단소재,화학
247660,나노씨엠에스,전기·전자
039860,나노엔텍,의료·정밀기기
091970,나노캠텍,화학
417010,나노팀,기계·장비
405920,나라셀라,유통
478340,나라스페이스테크놀로지,운송장비·부품
051490,나라엠앤디,기계·장비
137080,나래나노텍,기계·장비
190510,나무가,전기·전자
242040,나무기술,IT 서비스
293580,나우IB,금융
459510,나우로보틱스,기계·장비
138610,나이벡,제약
130580,나이스디앤비,일반서비스
036800,나이스정보통신,통신
267320,나인테크,기계·장비
111710,남화산업,오락·문화
091590,남화토건,건설
168330,내츄럴엔도텍,일반서비스
094860,네오리진,IT 서비스
253590,네오셈,기계·장비
212560,네오오토,운송장비·부품
095660,네오위즈,IT 서비스
042420,네오위즈홀딩스,IT 서비스
950220,네오이뮨텍,일반서비스
311390,네오크레마,음식료·담배
085910,네오티스,운송장비·부품
092730,네오팜,화학
153460,네이블,IT 서비스
007390,네이처셀,제약
033640,네패스,전기·전자
330860,네패스아크,일반서비스
351320,넥사다이내믹스,기계·장비
089140,넥스턴앤롤코리아,기계·장비
389650,넥스트바이오메디컬,의료·정밀기기
137940,넥스트아이,의료·정밀기기
396270,넥스트칩,전기·전자
348210,넥스틴,기계·장비
225570,넥슨게임즈,IT 서비스
205500,넥써쓰,IT 서비스
217270,넵튠,IT 서비스
104620,노랑풍선,일반서비스
473980,노머스,오락·문화
194700,노바렉스,음식료·담배
285490,노바텍,기타제조
145170,노브랜드,섬유·의류
106520,노블엠앤비,의료·정밀기기
376930,노을,의료·정밀기기
486990,노타,IT 서비스
142280,녹십자엠에스,제약
234690,녹십자웰빙,제약
069140,누리플랜,금속
040160,누리플렉스,IT 서비스
332290,누보,화학
348340,뉴로메카,기계·장비
380550,뉴로핏,IT 서비스
060260,뉴보텍,화학
463020,뉴엔AI,IT 서비스
123840,뉴온,음식료·담배
012340,뉴인텍,운송장비·부품
462310,뉴키즈온,섬유·의류
270870,뉴트리,음식료·담배
144960,뉴파워프라즈마,기계·장비
085670,뉴프렉스,전기·전자
064260,다날,IT 서비스
340360,다보링크,전기·전자
039560,다산네트웍스,전기·전자
208860,다산디엠씨,IT 서비스
154040,다산솔루에타,전기·전자
032190,다우데이타,유통
323350,다원넥스뷰,기계·장비
068240,다원시스,전기·전자
290660,다이나믹솔루션,의료·정밀기기
464580,닷밀,오락·문화
020400,대동금속,금속
008830,대동기어,기계·장비
048470,대동스틸,유통
004780,대륙제관,금속
017650,대림제지,종이·목재
389260,대명에너지,건설
317850,대모,기계·장비
290670,대보마그네틱,전기·전자
078140,대봉엘에스,제약
065150,대산F&B,유통
036480,대성미생물,제약
027830,대성창투,금융
129920,대성하이텍,기계·장비
471050,대신밸런스제17호스팩,금융
482690,대신밸런스제19호스팩,금융
020180,대신정보통신,IT 서비스
045390,대아티아이,전기·전자
108380,대양전기공업,운송장비·부품
007680,대원,건설
048910,대원미디어,유통
005710,대원산업,운송장비·부품
120240,대정화금,화학
003310,대주산업,음식료·담배
078600,대주전자재료,전기·전자
393970,대진첨단소재,화학
096350,대창솔루션,금속
140520,대창스틸,금속
131220,대한과학,유통
010170,대한광통신,전기·전자
054670,대한뉴팜,제약
023910,대한약품,제약
021040,대호특수강,금속
021045,대호특수강우,금속
067080,대화제약,제약
298540,더네이쳐홀딩스,섬유·의류
032860,더라미,일반서비스
393890,더블유씨피,전기·전자
299170,더블유에스아이,유통
462860,더즌,통신
224060,더코디,전기·전자
043090,더테크놀로지,유통
403850,더핑크퐁컴퍼니,오락·문화
213420,덕산네오룩스,전기·전자
317330,덕산테코피아,화학
077360,덕산하이메탈,전기·전자
090410,덕신이피씨,금속
0001A0,덕양에너젠,전기·가스·수도
263600,덕우전자,전기·전자
194480,데브시스터즈,IT 서비스
373160,데이원컴퍼니,일반서비스
263800,데이타솔루션,유통
206560,덱스터,오락·문화
261200,덴티스,의료·정밀기기
484120,도우인시스,전기·전자
067990,도이치모터스,유통
006620,동구바이오제약,제약
100130,동국S&C,금속
005160,동국산업,금속
303810,동국생명과학,제약
075970,동국알앤에스,비금속
086450,동국제약,제약
240550,동방메디컬,의료·정밀기기
099410,동방선기,운송장비·부품
033500,동성화인텍,화학
025950,동신건설,건설
088130,동아엘텍,기계·장비
060380,동양에스텍,금속
079960,동양이엔피,전기·전자
228340,동양파일,비금속
088910,동우팜투테이블,음식료·담배
094170,동운아나텍,전기·전자
013120,동원개발,건설
109860,동일금속,금속
032960,동일기연,전기·전자
023790,동일스틸럭스,금속
005290,동진쎄미켐,화학
025900,동화기업,종이·목재
131970,두산테스나,일반서비스
073190,듀오백,기타제조
176750,듀켐바이오,제약
030350,드래곤플라이,IT 서비스
203650,드림시큐리티,IT 서비스
223250,드림씨아이에스,일반서비스
060570,드림어스컴퍼니,오락·문화
362990,드림인사이트,일반서비스
016670,디모아,유통
187870,디바이스,기계·장비
489730,디비금융제13호스팩,금융
0004Y0,디비금융제14호스팩,금융
110990,디아이티,기계·장비
263690,디알젬,의료·정밀기기
214680,디알텍,의료·정밀기기
347850,디앤디파마텍,일반서비스
263720,디앤씨미디어,오락·문화
376300,디어유,IT 서비스
104040,디에스엠,운송장비·부품
109740,디에스케이,기계·장비
031860,디에이치엑스컴퍼니,유통
196490,디에이테크놀로지,기계·장비
066900,디에이피,전기·전자
092070,디엔에프,화학
039840,디오,의료·정밀기기
219550,디와이디,유통
310870,디와이씨,운송장비·부품
104460,디와이피엔에프,기계·장비
113810,디젠스,운송장비·부품
043360,디지아이,전기·전자
197140,디지캡,IT 서비스
068930,디지털대성,일반서비스
033130,디지틀조선,IT 서비스
105740,디케이락,기계·장비
263020,디케이앤디,화학
290550,디케이티,전기·전자
066670,디티씨,부동산
187220,디티앤씨,일반서비스
383930,디티앤씨알오,일반서비스
131180,딜리,전기·전자
315640,딥노이드,IT 서비스
317120,라닉스,전기·전자
462510,라메디텍,의료·정밀기기
232680,라온로보틱스,기계·장비
042510,라온시큐어,IT 서비스
418420,라온텍,전기·전자
300120,라온피플,IT 서비스
171120,라이온켐텍,화학
388790,라이콤,전기·전자
214260,라파스,화학
171010,램테크놀러지,화학
084650,랩지노믹스,일반서비스
217500,러셀,기계·장비
038390,레드캡투어,일반서비스
294140,레몬,화학
443250,레뷰코퍼레이션,일반서비스
228670,레이,의료·정밀기기
228850,레이언스,의료·정밀기기
412350,레이저쎌,기계·장비
199550,레이저옵텍,의료·정밀기기
281740,레이크머티리얼즈,화학
277810,레인보우로보틱스,기계·장비
215100,로보로보,전기·전자
090360,로보스타,기계·장비
108490,로보티즈,기계·장비
900260,로스웰,금융
033290,로젠,유통
067730,로지시스,IT 서비스
071280,로체시스템즈,기계·장비
376900,로킷헬스케어,제약
214610,롤링스톤,의료·정밀기기
328130,루닛,IT 서비스
038060,루멘스,전기·전자
474170,루미르,운송장비·부품
141080,리가켐바이오,일반서비스
058470,리노공업,전기·전자
016100,리더스코스메틱,종이·목재
012700,리드코프,유통
302550,리메드,의료·정밀기기
491000,리브스메드,의료·정밀기기
394420,리센스메디컬,의료·정밀기기
073570,리튬포어스,기타제조
377450,리파인,IT 서비스
277070,린드먼아시아,금융
042500,링네트,IT 서비스
193250,링크드,전기·전자
474650,링크솔루션,기계·장비
219420,링크제니시스,IT 서비스
439090,마녀공장,화학
195500,마니커에프앤지,음식료·담배
377480,마음AI,IT 서비스
305090,마이크로디지탈,의료·정밀기기
098120,마이크로컨텍솔,전기·전자
424980,마이크로투나노,전기·전자
038290,마크로젠,일반서비스
267980,매일유업,음식료·담배
005990,매일홀딩스,음식료·담배
093520,매커스,유통
100590,머큐리,전기·전자
067280,멀티캠퍼스,일반서비스
072870,메가스터디,오락·문화
215200,메가스터디교육,일반서비스
133750,메가엠디,일반서비스
446540,메가터치,전기·전자
235980,메드팩토,일반서비스
041920,메디아나,의료·정밀기기
014100,메디앙스,유통
054180,메디콕스,운송장비·부품
086900,메디톡스,제약
078160,메디포스트,제약
0088D0,메리츠제1호스팩,금융
408920,메쎄이상,일반서비스
021880,메이슨캐피탈,금융
0088M0,메쥬,의료·정밀기기
140410,메지온,일반서비스
241770,메카로,전기·전자
059210,메타바이오메드,제약
058110,멕아이씨에스,의료·정밀기기
072770,멤레이비티,IT 서비스
434480,모니터랩,IT 서비스
080420,모다이노칩,유통
417970,모델솔루션,기계·장비
080160,모두투어,일반서비스
087260,모바일어플라이언스,IT 서비스
101330,모베이스,전기·전자
012860,모베이스전자,운송장비·부품
363260,모비데이즈,일반서비스
348030,모비릭스,IT 서비스
250060,모비스,IT 서비스
288980,모아데이타,IT 서비스
142760,모아라이프플러스,일반서비스
033200,모아텍,전기·전자
118990,모트렉스,운송장비·부품
463480,모티브링크,전기·전자
006920,모헨즈,비금속
001810,무림SP,종이·목재
279600,미디어젠,IT 서비스
095500,미래나노텍,화학
254490,미래반도체,유통
218150,미래생명자원,음식료·담배
100790,미래에셋벤처투자,금융
0097F0,미래에셋비전스팩10호,금융
0099W0,미래에셋비전스팩11호,금융
477380,미래에셋비전스팩4호,금융
477470,미래에셋비전스팩5호,금융
478440,미래에셋비전스팩6호,금융
482680,미래에셋비전스팩7호,금융
0093G0,미래에셋비전스팩8호,금융
0096D0,미래에셋비전스팩9호,금융
049950,미래컴퍼니,기계·장비
207760,미스터블루,IT 서비스
059090,미코,전기·전자
201490,미투온,IT 서비스
475460,미트박스,IT 서비스
452200,민테크,의료·정밀기기
206640,바디텍메드,제약
035620,바른손이앤에이,오락·문화
053030,바이넥스,제약
301300,바이브컴퍼니,IT 서비스
064550,바이오니아,제약
314930,바이오다인,의료·정밀기기
489460,바이오비쥬,화학
086820,바이오솔루션,제약
038460,바이오스마트,전기·전자
251120,바이오에프디엔씨,제약
199730,바이오인프라,일반서비스
086040,바이오톡스텍,일반서비스
188040,바이오포트,음식료·담배
099430,바이오플러스,제약
032980,바이온,유통
308080,바이젠셀,일반서비스
043150,바텍,의료·정밀기기
323990,박셀바이오,일반서비스
267790,배럴,섬유·의류
046310,백금T&A,전기·전자
331520,밸로프,IT 서비스
199480,뱅크웨어글로벌,IT 서비스
438700,버넥트,IT 서비스
066410,버킷스튜디오,통신
382900,범한퓨얼셀,전기·전자
206400,베노티앤알,건설
019010,베뉴지,유통
177350,베셀,화학
457600,벡트,전기·전자
424760,벨로크,IT 서비스
250000,보라티알,유통
310210,보로노이,일반서비스
006910,보성파워텍,금속
0010F0,보원케미칼,화학
226340,본느,화학
014470,부방,부동산
008470,부스타,금속
338220,뷰노,IT 서비스
100120,뷰웍스,의료·정밀기기
406820,뷰티스킨,화학
099390,브레인즈컴퍼니,IT 서비스
064480,브리지텍,IT 서비스
365900,브이씨,기타제조
089970,브이엠,기계·장비
251630,브이원텍,기계·장비
018290,브이티,화학
478560,블랙야크아이앤씨,섬유·의류
439580,블루엠텍,유통
033560,블루콤,전기·전자
369370,블리츠웨이엔터테인먼트,오락·문화
126340,비나텍,전기·전자
121800,비덴트,전기·전자
082800,비보존 제약,제약
318410,비비씨,화학
419540,비스토스,의료·정밀기기
146320,비씨엔씨,전기·전자
200780,비씨월드제약,제약
413640,비아이매트릭스,IT 서비스
141000,비아트론,기계·장비
083650,비에이치아이,기계·장비
0068Y0,비엔케이제3호스팩,금융
065170,비엘팜텍,유통
086670,비엠티,기계·장비
230980,비유테크놀러지,IT 서비스
488900,비츠로넥스텍,운송장비·부품
082920,비츠로셀,전기·전자
054220,비츠로시스,전기·전자
042370,비츠로테크,금융
050090,비케이홀딩스,일반서비스
148780,비큐AI,IT 서비스
307870,비투엔,IT 서비스
377030,비트맥스,IT 서비스
032850,비트컴퓨터,IT 서비스
049470,비트플래닛,IT 서비스
238200,비피도,음식료·담배
093190,빅솔론,전기·전자
065450,빅텍,의료·정밀기기
044480,빌리언스,오락·문화
069540,빛과전자,전기·전자
072950,빛샘전자,전기·전자
451250,삐아,화학
143240,사람인,IT 서비스
466410,사이냅소프트,IT 서비스
223310,사토시홀딩스,유통
452430,사피엔반도체,전기·전자
419120,산돌,IT 서비스
122350,삼기,운송장비·부품
419050,삼기에너지솔루션즈,운송장비·부품
014970,삼륭물산,종이·목재
018310,삼목에스폼,금속
012210,삼미금속,금속
053700,삼보모터스,운송장비·부품
009620,삼보산업,금속
023600,삼보판지,종이·목재
0044K0,삼성스팩10호,금융
0071M0,삼성스팩11호,금융
0096B0,삼성스팩12호,금융
0115H0,삼성스팩13호,금융
009300,삼아제약,제약
482630,삼양엔씨켐,화학
484590,삼양컴텍,금속
036670,삼양케이씨아이,화학
361670,삼영에스앤씨,전기·전자
054540,삼영엠텍,금속
065570,삼영이엔씨,전기·전자
014950,삼익제약,제약
032280,삼일,운송·창고
002290,삼일기업공사,건설
037460,삼지전자,전기·전자
032750,삼진,전기·전자
0013V0,삼진식품,음식료·담배
054090,삼진엘앤디,기타제조
000250,삼천당제약,제약
024950,삼천리자전거,유통
038500,삼표시멘트,비금속
437730,삼현,운송장비·부품
017480,삼현철강,금속
046390,삼화네트웍스,오락·문화
027580,상보,화학
038540,상상인,IT 서비스
091580,상신이디피,전기·전자
263810,상신전자,전기·전자
089980,상아프론테크,화학
042940,상지건설,건설
042600,새로닉스,전기·전자
107600,새빗켐,화학
411080,샌즈랩,IT 서비스
252990,샘씨엔에스,전기·전자
378800,샤페론,제약
294630,서남,전기·전자
038070,서린바이오,유통
006730,서부T&D,일반서비스
079650,서산,비금속
100660,서암기계공업,기계·장비
019770,서연탑메탈,기계·장비
092190,서울바이오시스,전기·전자
046890,서울반도체,전기·전자
063170,서울옥션,유통
027040,서울전자통신,전기·전자
018680,서울제약,제약
036120,서울평가정보,IT 서비스
093920,서원인텍,전기·전자
189860,서전기전,전기·전자
178320,서진시스템,전기·전자
122690,서진오토모티브,운송장비·부품
140070,서플러스글로벌,유통
011370,서한,건설
065710,서호전기,전기·전자
035890,서희건설,건설
357550,석경에이티,화학
003100,선광,운송·창고
067370,선바이오,제약
171090,선익시스템,기계·장비
086710,선진뷰티사이언스,화학
014620,성광벤드,금속
037350,성도이엔지,일반서비스
458650,성우,전기·전자
081580,성우전자,전기·전자
045300,성우테크론,전기·전자
015750,성우하이텍,운송장비·부품
365340,성일하이텍,화학
080470,성창오토텍,운송장비·부품
043260,성호전자,전기·전자
148150,세경하이테크,전기·전자
061090,세나테크놀로지,전기·전자
188260,세니젠,기타제조
053060,세동,운송장비·부품
340440,세림B&G,화학
017510,세명전기,금속
490470,세미파이브,일반서비스
011560,세보엠이씨,건설
396300,세아메카닉스,금속
100700,세운메디칼,제약
024830,세원물산,운송장비·부품
258830,세종메디칼,의료·정밀기기
036630,세종텔레콤,건설
039310,세중,IT 서비스
067770,세진티에스,전기·전자
053450,세코닉스,의료·정밀기기
252500,세화피앤씨,화학
321370,센서뷰,전기·전자
347000,센코,의료·정밀기기
331920,셀레믹스,제약
352770,셀레스트라,일반서비스
471820,셀로맥스사이언스,음식료·담배
049180,셀루메드,제약
299660,셀리드,일반서비스
108860,셀바스AI,IT 서비스
208370,셀바스헬스케어,의료·정밀기기
318160,셀바이오휴먼텍,섬유·의류
308430,셀비온,제약
068760,셀트리온제약,제약
068940,셀피글로벌,전기·전자
007720,소노스퀘어,유통
290690,소룩스,전기·전자
950200,소마젠,일반서비스
032680,소프트센,IT 서비스
032685,소프트센우,IT 서비스
258790,소프트캠프,IT 서비스
066910,손오공,유통
215090,솔디펜스,의료·정밀기기
035610,솔본,일반서비스
357780,솔브레인,화학
036830,솔브레인홀딩스,일반서비스
304100,솔트룩스,IT 서비스
328380,솔트웨어,IT 서비스
086980,쇼박스,오락·문화
050960,수산아이앤티,IT 서비스
084180,수성웹툰,기계·장비
253840,수젠텍,제약
298830,슈어소프트테크,IT 서비스
236200,슈프리마,전기·전자
094840,슈프리마에이치큐,전기·전자
192440,슈피겐코리아,기타제조
424960,스마트레이더시스템,의료·정밀기기
099440,스맥,기계·장비
066590,스모트로닉,운송장비·부품
276040,스코넥,IT 서비스
060240,스타코링크,운송장비·부품
115570,스타플렉스,화학
330730,스톤브릿지벤처스,금융
352090,스톰테크,화학
253450,스튜디오드래곤,오락·문화
408900,스튜디오미르,오락·문화
415380,스튜디오삼익,유통
013810,스페코,기계·장비
347700,스피어,IT 서비스
049830,승일,금속
020710,시공테크,일반서비스
033170,시그네틱스,전기·전자
048870,시너지이노베이션,의료·정밀기기
025320,시노펙스,전기·전자
340810,시선AI,IT 서비스
269620,시스웍,의료·정밀기기
056090,시지메드텍,의료·정밀기기
429270,시지트로닉스,전기·전자
418250,시큐레터,IT 서비스
131090,시큐브,IT 서비스
290520,신도기연,기계·장비
001000,신라섬유,부동산
025870,신라에스지,유통
215600,신라젠,일반서비스
065350,신성델타테크,전기·전자
416180,신성에스티,운송장비·부품
162300,신스틸,금속
002800,신신제약,제약
472220,신영스팩10호,금융
0091W0,신영스팩11호,금융
017000,신원종합개발,건설
012790,신일제약,제약
138070,신진에스엠,금속
226330,신테카바이오,IT 서비스
474660,신한제12호스팩,금융
474930,신한제13호스팩,금융
487360,신한제14호스팩,금융
487830,신한제15호스팩,금융
496070,신한제16호스팩,금융
0130D0,신한제17호스팩,금융
0129K0,신한제18호스팩,금융
056700,신화인터텍,화학
187270,신화콘텍,전기·전자
095190,신화프리텍,금속
243840,신흥에스이씨,전기·전자
257720,실리콘투,유통
222800,심텍,전기·전자
036710,심텍홀딩스,일반서비스
444530,심플랫폼,IT 서비스
234030,싸이닉솔루션,전기·전자
160980,싸이맥스,기계·장비
356890,싸이버원,IT 서비스
217330,싸이토젠,일반서비스
208640,썸에이지,IT 서비스
222420,쎄노텍,비금속
037760,쎄니트,금속
081180,쎄크,기계·장비
099320,쎄트렉아이,운송장비·부품
049960,쎌바이오텍,제약
088280,쏘닉스,전기·전자
050890,쏠리드,전기·전자
394800,쓰리빌리언,일반서비스
177900,쓰리에이로직스,전기·전자
475400,씨메스로보틱스,기계·장비
109670,씨싸이트,섬유·의류
066790,씨씨에스,오락·문화
222080,씨아이에스,기계·장비
352480,씨앤씨인터내셔널,화학
264660,씨앤지하이테크,기계·장비
352700,씨앤투스,화학
458870,씨어스,의료·정밀기기
297090,씨에스베어링,기계·장비
900120,씨엑스아이,금융
359090,씨엔알리서치,일반서비스
115530,씨엔플러스,전기·전자
388210,씨엠티엑스,전기·전자
115480,씨유메디칼,의료·정밀기기
376290,씨유테크,전기·전자
189330,씨이랩,IT 서비스
096530,씨젠,제약
101240,씨큐브,화학
060590,씨티씨바이오,제약
260930,씨티케이,화학
413630,씨피시스템,화학
013990,아가방컴퍼니,유통
123860,아나패스,전기·전자
025980,아난티,일반서비스
0015N0,아로마티카,화학
125210,아모그린텍,전기·전자
357580,아모센스,전기·전자
052710,아모텍,전기·전자
074430,아미노로직스,제약
092040,아미코젠,음식료·담배
083930,아바코,기계·장비
149950,아바텍,전기·전자
036010,아비코전자,전기·전자
050860,아세아텍,기계·장비
136410,아셈스,화학
246720,아스타,제약
450950,아스테라시스,의료·정밀기기
067390,아스트,운송장비·부품
159010,아스플로,기계·장비
127710,아시아경제,IT 서비스
154030,아시아종묘,농업 임업 및 어업
227610,아우딘퓨쳐스,화학
331740,아우토크립트,IT 서비스
143160,아이디스,전기·전자
054800,아이디스홀딩스,일반서비스
332370,아이디피,전기·전자
066430,아이로보틱스,유통
339950,아이비김영,일반서비스
469750,아이비젼웍스,기계·장비
460470,아이빔테크놀로지,의료·정밀기기
099190,아이센스,의료·정밀기기
461300,아이스크림미디어,IT 서비스
289010,아이스크림에듀,오락·문화
214430,아이쓰리시스템,전기·전자
040910,아이씨디,기계·장비
368600,아이씨에이치,전기·전자
456010,아이씨티케이,전기·전자
052860,아이앤씨,전기·전자
464500,아이언디바이스,전기·전자
212710,아이에스티이,전기·전자
038880,아이에이,전기·전자
307180,아이엘,전기·전자
101390,아이엠,전기·전자
493280,아이엠바이오로직스,일반서비스
461030,아이엠비디엑스,일반서비스
451220,아이엠티,기계·장비
078860,아이오케이이엔엠,오락·문화
090150,아이윈,운송장비·부품
031310,아이즈비전,통신
462980,아이지넷,IT 서비스
185490,아이진,일반서비스
059100,아이컴포넌트,전기·전자
262840,아이퀘스트,IT 서비스
175250,아이큐어,화학
052460,아이크래프트,IT 서비스
119830,아이텍,일반서비스
052770,아이톡시,IT 서비스
124500,아이티센글로벌,IT 서비스
010280,아이티센엔텍,IT 서비스
232830,아이티센피엔에스,IT 서비스
372800,아이티아이즈,IT 서비스
084850,아이티엠반도체,전기·전자
309710,아이티켐,제약
114840,아이패밀리에스씨,화학
027360,아주IB투자,금융
032080,아즈텍WB,섬유·의류
013310,아진산업,운송장비·부품
059120,아진엑스텍,전기·전자
0007C0,아크릴,IT 서비스
203690,아크솔루션스,종이·목재
158430,아톤,IT 서비스
200350,아티스트스튜디오,오락·문화
321820,아티스트컴퍼니,오락·문화
001540,안국약품,제약
053800,안랩,IT 서비스
065660,안트로젠,유통
297570,알로이스,전기·전자
260660,알리코제약,제약
354320,알멕,금속
361570,알비더블유,오락·문화
131370,알서포트,IT 서비스
140670,알에스오토메이션,전기·전자
096610,알에프세미,전기·전자
061040,알에프텍,전기·전자
148250,알엔투테크놀로지,전기·전자
123010,알엔티엑스,전기·전자
476830,알지노믹스,일반서비스
347860,알체라,IT 서비스
196170,알테오젠,일반서비스
123750,알톤,운송장비·부품
459550,알트,전기·전자
085810,알티캐스트,IT 서비스
043100,알파AI,의료·정밀기기
117670,알파칩스,전기·전자
314140,알피바이오,제약
291650,압타머사이언스,일반서비스
293780,압타바이오,일반서비스
310200,애니플러스,오락·문화
179530,애드바이오텍,제약
397810,애드포러스,일반서비스
900100,애머릿지,유통
0011A0,액스비스,전기·전자
052790,액토즈소프트,IT 서비스
290740,액트로,전기·전자
238090,앤디포스,화학
138360,앤로보틱스,기계·장비
092600,앤씨앤,전기·전자
129890,앱코,전기·전자
174900,앱클론,제약
109960,앱토크롬,유통
270520,앱튼,일반서비스
255440,야스,기계·장비
030960,양지사,출판·매체복제
102120,어보브반도체,전기·전자
238120,얼라인드,의료·정밀기기
019990,에너토크,기계·장비
435570,에르코스,음식료·담배
270660,에브리봇,전기·전자
038680,에스넷,IT 서비스
217480,에스디생명공학,화학
121890,에스디시스템,전기·전자
304360,에스바이오메딕스,제약
389500,에스비비테크,기계·장비
042110,에스씨디,전기·전자
065420,에스아이리소스,화학
103230,에스앤더블류,기계·장비
260970,에스앤디,음식료·담배
101490,에스앤에스텍,전기·전자
095910,에스에너지,전기·전자
275630,에스에스알,IT 서비스
031330,에스에이엠티,유통
060540,에스에이티,의료·정밀기기
056190,에스에프에이,기계·장비
0008Z0,에스엔시스,전기·전자
246250,에스엘에스바이오,일반서비스
041510,에스엠,오락·문화
460870,에스엠씨지,비금속
464080,에스오에스랩,의료·정밀기기
109610,에스와이,금속
365330,에스와이스틸텍,금속
306040,에스제이그룹,섬유·의류
398120,에스지헬스케어,의료·정밀기기
472230,에스케이증권제11호스팩,금융
473000,에스케이증권제12호스팩,금융
473950,에스케이증권제13호스팩,금융
475660,에스켐,화학
096630,에스코넥,전기·전자
069510,에스텍,전기·전자
488280,에스투더블유,IT 서비스
234300,에스트래픽,IT 서비스
039440,에스티아이,기계·장비
098660,에스티오,섬유·의류
052020,에스티큐브,유통
237690,에스티팜,제약
458350,에스팀,일반서비스
050760,에스폴리텍,화학
288620,에스프리즘,전기·전자
443670,에스피소프트,IT 서비스
317830,에스피시스템스,기계·장비
058610,에스피지,전기·전자
043340,에쎈테크,기계·장비
163280,에어레인,기계·장비
200710,에이디테크놀로지,전기·전자
475580,에이럭스,기타제조
096690,에이루트,전기·전자
298380,에이비엘바이오,제약
203400,에이비온,일반서비스
195990,에이비프로바이오,기계·장비
003800,에이스침대,기타제조
088800,에이스테크,전기·전자
241840,에이스토리,오락·문화
364950,에이아이코리아,기계·장비
453860,에이에스텍,화학
312610,에이에프더블류,금속
172670,에이엘티,전기·전자
481070,에이유브랜즈,유통
060900,에이전트AI,전기·가스·수도
445090,에이직랜드,전기·전자
295310,에이치브이엠,금속
072990,에이치시티,일반서비스
044990,에이치엔에스하이텍,전기·전자
239610,에이치엘사이언스,음식료·담배
036170,에이치엠넥스,전기·전자
462020,에이치엠씨제6호스팩,금융
477340,에이치엠씨제7호스팩,금융
148930,에이치와이티씨,금속
044780,에이치케이,기계·장비
357230,에이치피오,음식료·담배
355690,에이텀,전기·전자
071670,에이테크솔루션,기계·장비
045660,에이텍,기계·장비
224110,에이텍모빌리티,전기·전자
021080,에이티넘인베스트,금융
200470,에이팩트,전기·전자
262260,에이프로,전기·전자
397030,에이프릴바이오,일반서비스
0009K0,에임드바이오,일반서비스
230240,에치에프알,전기·전자
159910,에코글로우,화학
230360,에코마케팅,일반서비스
097780,에코볼트,운송장비·부품
038870,에코심플렉스,일반서비스
448280,에코아이,일반서비스
101360,에코앤드림,전기·전자
128540,에코캡,운송장비·부품
086520,에코프로,금융
247540,에코프로비엠,전기·전자
383310,에코프로에이치엔,화학
038110,에코플라스틱,운송장비·부품
073540,에프알텍,전기·전자
064850,에프앤가이드,IT 서비스
036810,에프에스티,전기·전자
173940,에프엔씨엔터,오락·문화
083500,에프엔에스테크,기계·장비
317530,에피소드컴퍼니,오락·문화
054940,엑사이엔씨,건설
950130,엑세스바이오,제약
373110,엑셀세라퓨틱스,제약
205100,엑셈,IT 서비스
356680,엑스게이트,IT 서비스
070300,엑스큐어,IT 서비스
317770,엑스페릭스,전기·전자
373200,엑스플러스,기타제조
069920,엑시온그룹,유통
092870,엑시콘,기계·장비
317870,엔바이오니아,기타제조
067570,엔브이에이치코리아,운송장비·부품
0004V0,엔비알모션,금속
236810,엔비티,일반서비스
333620,엔시스,전기·전자
101400,엔시트론,전기·전자
475230,엔알비,금속
451700,엔에이치스팩29호,금융
466910,엔에이치스팩30호,금융
481890,엔에이치스팩31호,금융
0054V0,엔에이치스팩32호,금융
0130H0,엔에이치스팩33호,금융
265740,엔에프씨,화학
354200,엔젠바이오,일반서비스
455900,엔젤로보틱스,기계·장비
419080,엔젯,기계·장비
183490,엔지켐생명과학,제약
182400,엔케이젠바이오텍코리아,제약
348370,엔켐,화학
069410,엔텔스,IT 서비스
227950,엔투텍,기계·장비
291230,엔피,일반서비스
048830,엔피케이,화학
096870,엘디티,전기·전자
290650,엘앤씨바이오,제약
156100,엘앤케이바이오,의료·정밀기기
0041J0,엘에스스팩1호,금융
073110,엘엠에스,전기·전자
083310,엘오티베큠,기계·장비
037950,엘컴텍,전기·전자
489500,엘케이켐,화학
170920,엘티씨,화학
058630,엠게임,IT 서비스
226590,엠디바이스,전기·전자
058970,엠로,IT 서비스
169330,엠브레인,일반서비스
373170,엠아이큐브솔루션,IT 서비스
179290,엠아이텍,의료·정밀기기
009780,엠에스씨,음식료·담배
123040,엠에스오토텍,운송장비·부품
432980,엠에프씨,제약
007820,엠엑스로보틱스,기계·장비
347890,엠엑스온,의료·정밀기기
413390,엠오티,기계·장비
032790,엠젠솔루션,유통
033160,엠케이전자,전기·전자
033310,엠투엔,전기·전자
259630,엠플러스,기계·장비
105550,엣지파운드리,전기·전자
060850,영림원소프트랩,IT 서비스
143540,영우디에스피,기계·장비
265560,영화테크,운송장비·부품
036000,예림당,오락·문화
250930,예선테크,화학
053280,예스24,유통
122640,예스티,기계·장비
476040,오가노이드사이언스,일반서비스
900300,오가닉티코스메틱,금융
045060,오공,화학
192410,오늘이엔엠,전기·전자
080520,오디텍,전기·전자
039830,오로라,일반서비스
322310,오로스테크놀로지,기계·장비
046120,오르비텍,일반서비스
475830,오름테라퓨틱,제약
014940,오리엔탈정공,기계·장비
065500,오리엔트정공,운송장비·부품
010470,오리콤,일반서비스
417860,오브젠,IT 서비스
352910,오비고,IT 서비스
053980,오상자이엘,IT 서비스
036220,오상헬스케어,의료·정밀기기
052420,오성첨단소재,화학
052300,오션인더블유,유통
039200,오스코텍,제약
226400,오스테오닉,의료·정밀기기
031510,오스템,운송장비·부품
342870,오아,유통
368970,오에스피,음식료·담배
138080,오이솔루션,전기·전자
080580,오킨스전자,전기·전자
067170,오텍,운송장비·부품
353590,오토앤,유통
173130,오파스넷,IT 서비스
440320,오픈놀,IT 서비스
049480,오픈베이스,IT 서비스
394280,오픈엣지테크놀로지,IT 서비스
476060,온코닉테라퓨틱스,일반서비스
382150,온코크로스,일반서비스
244460,올리패스,제약
226950,올릭스,일반서비스
057540,옴니시스템,의료·정밀기기
131030,옵투스제약,제약
082210,옵트론텍,의료·정밀기기
109080,옵티시스,전기·전자
380540,옵티코어,전기·전자
153710,옵티팜,제약
432430,와이랩,오락·문화
338840,와이바이오로직스,일반서비스
122990,와이솔,전기·전자
232140,와이씨,기계·장비
112290,와이씨켐,화학
065530,와이어블,통신
067900,와이엔텍,일반서비스
007530,와이엠,금속
155650,와이엠씨,전기·전자
273640,와이엠텍,전기·전자
251370,와이엠티,화학
209640,와이제이링크,기계·장비
096250,와이즈넛,IT 서비스
273060,와이즈버즈,일반서비스
019210,와이지-원,금속
122870,와이지엔터테인먼트,오락·문화
079000,와토스코리아,화학
403490,우듬지팜,음식료·담배
032820,우리기술,전기·전자
041190,우리기술투자,금융
115440,우리넷,전기·전자
046970,우리로,유통
082850,우리바이오,음식료·담배
215360,우리산업,운송장비·부품
072470,우리산업홀딩스,운송장비·부품
073560,우리손에프앤지,음식료·담배
037400,우리엔터프라이즈,유통
153490,우리이앤엘하루틴,전기·전자
101170,우림피티에스,기계·장비
103840,우양,음식료·담배
101970,우양에이치씨,금속
046940,우원개발,건설
215380,우정바이오,일반서비스
065680,우주일렉트로,전기·전자
018620,우진비앤지,제약
457550,우진엔텍,일반서비스
396470,워트,기계·장비
307280,원바이오젠,제약
032940,원익,유통
240810,원익IPS,기계·장비
074600,원익QnC,비금속
104830,원익머트리얼즈,화학
014190,원익큐브,유통
217820,원익피앤이,기계·장비
030530,원익홀딩스,화학
012620,원일특강,금속
136150,원일티엔아이,기계·장비
382840,원준,기계·장비
336570,원텍,의료·정밀기기
376980,원티드랩,IT 서비스
008370,원풍,화학
008290,원풍물산,섬유·의류
101160,월덱스,전기·전자
336060,웨이버스,IT 서비스
095270,웨이브일렉트로,의료·정밀기기
289930,웨이비스,전기·전자
065950,웰크론,섬유·의류
076080,웰크론한텍,건설
043590,웰킵스하이텍,전기·전자
196700,웹스,화학
069080,웹젠,IT 서비스
053580,웹케시,IT 서비스
479960,위너스일렉,전기·전자
044340,위닉스,전기·전자
330350,위더스제약,제약
348350,위드텍,의료·정밀기기
112040,위메이드,IT 서비스
101730,위메이드맥스,IT 서비스
123420,위메이드플레이,IT 서비스
065370,위세아이텍,IT 서비스
038620,위즈코프,유통
299900,위지윅스튜디오,오락·문화
036090,위지트,기계·장비
459100,위츠,전기·전자
136540,윈스테크넷,IT 서비스
097800,윈팩,전기·전자
192390,윈하이텍,금속
335870,윙스풋,유통
900340,윙입푸드,금융
036200,유니셈,기계·장비
018000,유니슨,기계·장비
203450,유니온바이오메트릭스,전기·전자
011320,유니크,운송장비·부품
086390,유니테스트,기계·장비
241690,유니테크노,운송장비·부품
142210,유니트론텍,유통
389680,유디엠텍,IT 서비스
088340,유라클,IT 서비스
048430,유라테크,전기·전자
206650,유바이오로직스,제약
089850,유비벨록스,IT 서비스
084440,유비온,IT 서비스
264450,유비쿼스,전기·전자
078070,유비쿼스홀딩스,금융
024800,유성티엔에스,운송·창고
054930,유신,일반서비스
069330,유아이디,전기·전자
049520,유아이엘,전기·전자
473050,유안타제15호스팩,금융
474490,유안타제16호스팩,금융
493790,유안타제17호스팩,금융
263770,유에스티,금속
388720,유일로보틱스,기계·장비
340930,유일에너테크,기계·장비
023410,유진기업,비금속
056080,유진로봇,기계·장비
468760,유진스팩10호,금융
488060,유진스팩11호,금융
0105P0,유진스팩12호,금융
084370,유진테크,기계·장비
240600,유진테크놀로지,금속
179900,유티아이,전기·전자
263050,유틸렉스,제약
191410,육일씨엔에쓰,전기·전자
372170,윤성에프앤씨,기계·장비
146060,율촌,금속
039020,이건홀딩스,종이·목재
067920,이글루,IT 서비스
044960,이글벳,유통
303530,이노뎁,IT 서비스
302430,이노메트리,기계·장비
462350,이노스페이스,운송장비·부품
274400,이노시뮬레이션,IT 서비스
296640,이노에이엑스,IT 서비스
215790,이노인스트루먼트,전기·전자
344860,이노진,화학
333050,이노테나,IT 서비스
469610,이노테크,기계·장비
088390,이녹스,운송장비·부품
272290,이녹스첨단소재,전기·전자
053350,이니텍,IT 서비스
452400,이닉스,운송장비·부품
264850,이랜시스,전기·전자
054210,이랜텍,전기·전자
009730,이렘,금속
065440,이루온,IT 서비스
424870,이뮨온시아,일반서비스
115610,이미지스,전기·전자
478110,이베스트스팩6호,금융
131400,이브이첨단소재,전기·전자
351330,이삭엔지니어링,IT 서비스
080010,이상네트웍스,유통
086890,이수앱지스,제약
047560,이스트소프트,IT 서비스
900110,이스트아시아홀딩스,금융
239340,이스트에이드,IT 서비스
067010,이씨에스,IT 서비스
456070,이엔셀,제약
102710,이엔에프테크놀로지,화학
041520,이엘씨,의료·정밀기기
063760,이엘피,의료·정밀기기
123570,이엠넷,일반서비스
083470,이엠앤아이,화학
091120,이엠텍,전기·전자
039030,이오테크닉스,기계·장비
294090,이오플로우,의료·정밀기기
088290,이원컴포텍,운송장비·부품
353810,이지바이오,음식료·담배
261520,이지스,IT 서비스
099750,이지케어텍,IT 서비스
377330,이지트로닉스,전기·전자
035810,이지홀딩스,음식료·담배
092130,이크레더블,IT 서비스
134060,이퓨쳐,오락·문화
001840,이화공영,건설
041830,인바디,의료·정밀기기
352940,인바이오,화학
079950,인베니아,기계·장비
0007J0,인벤테라,일반서비스
389470,인벤티지랩,일반서비스
277410,인산가,음식료·담배
060150,인선이엔티,일반서비스
033230,인성정보,IT 서비스
450520,인스웨이브,IT 서비스
465480,인스피언,IT 서비스
037330,인지디스플레,전기·전자
100030,인지소프트,IT 서비스
211050,인카금융서비스,금융
083640,인콘,유통
064090,인크레더블버즈,유통
216050,인크로스,일반서비스
049070,인탑스,전기·전자
119610,인터로조,의료·정밀기기
017250,인터엠,전기·전자
051370,인터플렉스,전기·전자
064290,인텍플러스,기계·장비
189300,인텔리안테크,전기·전자
287840,인투셀,일반서비스
048530,인트론바이오,제약
070590,인티큐브,IT 서비스
115310,인포바인,통신
039290,인포뱅크,IT 서비스
071200,인피니트헬스케어,IT 서비스
101930,인화정공,운송장비·부품
333430,일승,운송장비·부품
068330,일신바이오,기계·장비
178780,일월지엠엘,유통
019540,일지테크,운송장비·부품
094820,일진파워,건설
950140,잉글우드랩,화학
049550,잉크테크,화학
389020,자람테크놀로지,전기·전자
254120,자비스,기계·장비
043910,자연과환경,비금속
234920,자이글,전기·전자
289220,자이언트스텝,오락·문화
049630,재영솔루텍,의료·정밀기기
417840,저스템,기계·장비
110020,전진바이오팜,화학
208140,정다운,음식료·담배
040420,정상제이엘에스,일반서비스
045510,정원엔시스,유통
217190,제너셈,기계·장비
095700,제넥신,일반서비스
122310,제노레이,의료·정밀기기
361390,제노코,전기·전자
225220,제놀루션,제약
123330,제닉,화학
381620,제닉스로보틱스,기계·장비
159580,제로투세븐,유통
147830,제룡산업,금속
033100,제룡전기,전기·전자
079370,제우스,기계·장비
054950,제이브이엠,기계·장비
090470,제이스로보틱스,기계·장비
023440,제이스코홀딩스,금속
137950,제이씨케미칼,화학
033320,제이씨현시스템,유통
417500,제이아이테크,화학
204270,제이앤티씨,전기·전자
127120,제이에스링크,일반서비스
026040,제이에스티나,기타제조
452160,제이엔비,기계·장비
126880,제이엔케이글로벌,기계·장비
322510,제이엘케이,IT 서비스
033050,제이엠아이,화학
094970,제이엠티,전기·전자
418550,제이오,일반서비스
060230,제이케이시냅스,화학
420570,제이투케이바이오,화학
089790,제이티,기계·장비
0010V0,제이피아이헬스케어,의료·정밀기기
412540,제일엠앤에스,기계·장비
199820,제일일렉트릭,전기·전자
038010,제일테크노스,금속
080220,제주반도체,전기·전자
216080,제테마,제약
337930,젝시믹스,IT 서비스
229000,젠큐릭스,제약
082270,젬백스,기계·장비
034940,조아제약,제약
067000,조이시티,IT 서비스
309930,조이웍스앤코,유통
018700,졸스,유통
033340,좋은사람들,섬유·의류
036930,주성엔지니어링,기계·장비
072020,중앙백신,제약
000440,중앙에너비스,유통
051980,중앙첨단소재,전기·전자
221800,지구홀딩스,일반서비스
228760,지노믹트리,일반서비스
314130,지놈앤컴퍼니,제약
389030,지니너스,일반서비스
263860,지니언스,IT 서비스
303030,지니틱스,전기·전자
208350,지란지교시큐리티,IT 서비스
446840,지슨,의료·정밀기기
144510,지씨셀,일반서비스
340450,지씨지놈,일반서비스
306620,지아이에스,기계·장비
358570,지아이이노베이션,일반서비스
382480,지아이텍,기계·장비
382800,지앤비에스 에코,기계·장비
051160,지어소프트,IT 서비스
053050,지에스이,전기·가스·수도
388610,지에프씨생명과학,화학
493330,지에프아이,기계·장비
119850,지엔씨에너지,전기·전자
065060,지엔코,섬유·의류
204840,지엘팜텍,유통
311320,지오엘리먼트,전기·전자
456160,지투지바이오,제약
388050,지투파워,전기·전자
018120,진로발효,음식료·담배
109820,진매트릭스,일반서비스
086060,진바이오텍,유통
036890,진성티이씨,기계·장비
363250,진시스템,의료·정밀기기
007370,진양제약,제약
285800,진영,화학
085660,차바이오텍,제약
261780,차백신연구소,일반서비스
351870,차이커뮤니케이션,일반서비스
094850,참좋은여행,일반서비스
004650,창해에탄올,음식료·담배
0011T0,채비,전기·전자
278280,천보,화학
362320,청담글로벌,유통
066360,체리부로,음식료·담배
047820,초록뱀미디어,오락·문화
094360,칩스앤미디어,전기·전자
0082N0,카나프테라퓨틱스,일반서비스
016920,카스,유통
284620,카이노스메드,일반서비스
293490,카카오게임즈,IT 서비스
140430,카티스,IT 서비스
042000,카페24,IT 서비스
313760,캐리,전기·전자
071850,캐스텍코리아,운송장비·부품
198080,캐프,전기·전자
210120,캔버스엔,오락·문화
050110,캠시스,전기·전자
452300,캡스톤파트너스,금융
451760,컨텍,IT 서비스
900310,컬러레이,금융
078340,컴투스,IT 서비스
063080,컴투스홀딩스,IT 서비스
307930,컴퍼니케이,금융
079190,케스피온,전기·전자
263700,케어랩스,일반서비스
214370,케어젠,제약
221980,케이디켐,화학
038530,케이바이오랩스,유통
192250,케이사인,IT 서비스
431190,케이쓰리아이,IT 서비스
115500,케이씨에스,IT 서비스
089150,케이씨티,IT 서비스
025880,케이씨피드,음식료·담배
093320,케이아이엔엑스,IT 서비스
093640,케이알엠,전기·전자
073010,케이에스피,기계·장비
105330,케이엔더블유,운송장비·부품
053080,케이엔솔,기계·장비
199430,케이엔알시스템,의료·정밀기기
432470,케이엔에스,기계·장비
272110,케이엔제이,전기·전자
039420,케이엘넷,통신
083550,케이엠,섬유·의류
032500,케이엠더블유,전기·전자
225430,케이엠제약,화학
102370,케이옥션,유통
068100,케이웨더,기계·장비
106080,케이이엠텍,전기·전자
455180,케이지에이,기계·장비
036030,케이티알파,유통
064820,케이프,운송장비·부품
024880,케이피에프,금속
042040,케이피엠테크,유통
054410,케이피티유,유통
258610,케일럼,금속
274090,켄코아에어로스페이스,운송장비·부품
089010,켐트로닉스,화학
220260,켐트로스,화학
052400,코나아이,IT 서비스
402030,코난테크놀로지,IT 서비스
391710,코닉오토메이션,기계·장비
046070,코다코,운송장비·부품
047770,코데즈컴바인,섬유·의류
080530,코디,화학
104540,코렌텍,의료·정밀기기
027050,코리아나,화학
190650,코리아에셋투자증권,금융
123410,코리아에프티,운송장비·부품
036690,코맥스,전기·전자
049430,코메론,의료·정밀기기
183300,코미코,기계·장비
041960,코미팜,제약
089890,코세스,기계·장비
360350,코셈,의료·정밀기기
082660,코스나인,화학
043710,코스리거글로벌,유통
222040,코스맥스엔비티,음식료·담배
241710,코스메카코리아,화학
439960,코스모로보틱스,의료·정밀기기
355150,코스텍시스,전기·전자
166480,코아스템켐온,제약
045970,코아시아,전기·전자
196450,코아시아씨엠,의료·정밀기기
384470,코어라인소프트,IT 서비스
102940,코오롱생명과학,제약
950160,코오롱티슈진,제약
056360,코위버,전기·전자
282880,코윈테크,기계·장비
121850,코이즈,화학
448710,코츠테크놀로지,전기·전자
126730,코칩,전기·전자
015710,코콤,전기·전자
052330,코텍,전기·전자
322780,코퍼스코리아,오락·문화
200130,콜마비앤에이치,제약
294570,쿠콘,IT 서비스
464490,쿼드메디슨,제약
317690,퀀타매트릭스,의료·정밀기기
432720,퀄리타스반도체,전기·전자
365270,큐라클,일반서비스
348080,큐라티스,일반서비스
060280,큐렉소,유통
372320,큐로셀,일반서비스
051780,큐로홀딩스,유통
115180,큐리언트,일반서비스
494120,큐리오시스,의료·정밀기기
445680,큐리옥스바이오시스템즈,의료·정밀기기
182360,큐브엔터,오락·문화
405100,큐알티,일반서비스
066310,큐에스아이,전기·전자
377460,큐에이드,일반서비스
016600,큐캐피탈,금융
355390,크라우드웍스,IT 서비스
096240,크레버스,일반서비스
040350,크레오에스지,IT 서비스
110790,크리스에프앤씨,섬유·의류
900250,크리스탈신소재,금융
045520,크린앤사이언스,기계·장비
214150,클래시스,의료·정밀기기
466100,클로봇,IT 서비스
237880,클리오,화학
139670,키네마스터,IT 서비스
475430,키스트론,전기·전자
487720,키움제10호스팩,금융
489480,키움제11호스팩,금융
466690,키움히어로제1호스팩,금융
0131D0,키움히어로제2호스팩,금융
054780,키이스트,오락·문화
256940,킵스파마,제약
219130,타이거일렉,전기·전자
336680,탑런토탈솔루션,전기·전자
360070,탑머티리얼,전기·전자
065130,탑엔지니어링,기계·장비
134580,탑코미디어,IT 서비스
023160,태광,금속
323280,태성,기계·장비
053620,태양,금속
044490,태웅,금속
124560,태웅로직스,운송·창고
191420,테고사이언스,제약
950250,테라뷰,금융
073640,테라사이언스,금속
066700,테라젠이텍스,제약
095610,테스,기계·장비
064520,테크엘,전기·전자
089030,테크윙,기계·장비
054450,텔레칩스,전기·전자
200230,텔콘RF제약,제약
393210,토마토시스템,IT 서비스
475960,토모큐브,의료·정밀기기
215480,토박스코리아,유통
051360,토비스,전기·전자
045340,토탈소프트,IT 서비스
108230,톱텍,기계·장비
079970,투비소프트,IT 서비스
199800,툴젠,일반서비스
417790,트루엔,전기·전자
290090,트윔,IT 서비스
026150,특수건설,건설
464280,티디에스팜,제약
117730,티로보틱스,기계·장비
033830,티비씨,오락·문화
057680,티사이언티픽,IT 서비스
204610,티쓰리,IT 서비스
125020,티씨머티리얼즈,전기·전자
064760,티씨케이,비금속
246710,티앤알바이오팹,제약
340570,티앤엘,제약
043220,티에스넥스젠,기계·장비
277880,티에스아이,기계·장비
131290,티에스이,의료·정밀기기
425420,티에프이,전기·전자
484810,티엑스알로보틱스,기계·장비
131100,티엔엔터테인먼트,오락·문화
356860,티엘비,전기·전자
321550,티움바이오,일반서비스
425040,티이엠씨,화학
241790,티이엠씨씨엔에스,기계·장비
022220,티케이지애강,화학
104480,티케이케미칼,화학
081150,티플랙스,금속
130740,티피씨글로벌,운송장비·부품
084730,팅크웨어,전기·전자
440110,파두,전기·전자
290560,파라택시스이더리움,IT 서비스
288330,파라택시스코리아,일반서비스
033540,파라텍,기계·장비
388870,파로스아이바이오,일반서비스
043200,파루,전기·전자
214450,파마리서치,제약
177830,파버나인,전기·전자
037070,파세코,전기·전자
150900,파수AI,IT 서비스
037030,파워넷,전기·전자
047310,파워로직스,전기·전자
368770,파이버프로,의료·정밀기기
170790,파이오링크,전기·전자
049120,파인디앤씨,전기·전자
038950,파인디지털,전기·전자
387570,파인메딕스,의료·정밀기기
441270,파인엠텍,전기·전자
106240,파인테크닉스,전기·전자
131760,파인텍,기계·장비
065690,파커스,화학
140860,파크시스템스,의료·정밀기기
091700,파트론,전기·전자
032800,판타지오,오락·문화
318010,팜스빌,음식료·담배
027710,팜스토리,음식료·담배
225590,패션플랫폼,섬유·의류
054300,팬스타엔터프라이즈,기계·장비
068050,팬엔터테인먼트,오락·문화
222110,팬젠,제약
271830,팸텍,기계·장비
263750,펄어비스,IT 서비스
251970,펌텍코리아,화학
187660,페니트리움바이오,일반서비스
0015S0,페스카로,일반서비스
168360,펨트론,기계·장비
087010,펩트론,제약
064800,포니링크,유통
119500,포메탈,금속
389140,포바이포,오락·문화
105760,포스뱅크,기계·장비
009520,포스코엠텍,금속
189690,포시에스,IT 서비스
318020,포인트모바일,전기·전자
256630,포인트엔지니어링,금속
331380,포커스에이아이,전기·전자
208710,포톤,전기·전자
472850,폰드그룹,유통
039980,폴라리스AI,IT 서비스
041910,폴라리스AI파마,제약
234100,폴라리스세원,운송장비·부품
041020,폴라리스오피스,IT 서비스
114630,폴라리스우노,화학
290720,푸드나무,유통
005670,푸드웰,음식료·담배
094940,푸른기술,전기·전자
007330,푸른저축은행,금융
093380,풍강,금속
023900,풍국주정,음식료·담배
371950,풍원정밀,전기·전자
298060,풍전약품,제약
370090,퓨런티어,의료·정밀기기
445180,퓨릿,화학
220100,퓨쳐켐,제약
035200,프럼파스트,화학
334970,프레스티지바이오로직스,제약
227100,프로브잇,부동산
321260,프로이천,전기·전자
053610,프로텍,기계·장비
468530,프로티나,일반서비스
303360,프로티아,의료·정밀기기
377220,프롬바이오,음식료·담배
335810,프리시젼바이오,의료·정밀기기
053160,프리엠스,전기·전자
405000,플라즈맵,의료·정밀기기
041590,플래스크,건설
367000,플래티어,IT 서비스
075130,플랜티넷,IT 서비스
237820,플레이디,일반서비스
023770,플레이위드,IT 서비스
019570,플루토스,금융
300080,플리토,IT 서비스
033790,피노,전기·전자
032580,피델릭스,전기·전자
051380,피씨디렉트,유통
241820,피씨엘,제약
452450,피아이이,기계·장비
237750,피앤씨테크,전기·전자
460940,피앤에스로보틱스,의료·정밀기기
319660,피에스케이,기계·장비
031980,피에스케이홀딩스,기계·장비
002230,피에스텍,의료·정밀기기
043370,피에이치에이,운송장비·부품
239890,피엔에이치테크,화학
347740,피엔케이피부임상연구센타,일반서비스
137400,피엔티,기계·장비
257370,피엔티엠에스,기계·장비
147760,피엠티,의료·정밀기기
128660,피제이메탈,금속
006140,피제이전자,의료·정밀기기
376180,피코그램,기타제조
304840,피플바이오,제약
087600,픽셀플러스,전기·전자
291810,핀텔,IT 서비스
378340,필에너지,기계·장비
161580,필옵틱스,기계·장비
347770,핌스,전기·전자
163730,핑거,IT 서비스
417180,핑거스토리,IT 서비스
469880,하나30호스팩,금융
469900,하나31호스팩,금융
475240,하나32호스팩,금융
475250,하나33호스팩,금융
484130,하나34호스팩,금융
0041L0,하나35호스팩,금융
0101C0,하나36호스팩,금융
299030,하나기술,기계·장비
067310,하나마이크론,전기·전자
166090,하나머티리얼즈,전기·전자
136480,하림,음식료·담배
003380,하림지주,금융
450330,하스,제약
101670,하이드로리튬,금속
365590,하이딥,전기·전자
149980,하이로닉,의료·정밀기기
013030,하이록코리아,금속
126700,하이비젼시스템,의료·정밀기기
160190,하이젠알앤엠,전기·전자
221840,하이즈항공,운송장비·부품
106190,하이텍팜,제약
065650,하이퍼코퍼레이션,유통
066130,하츠,전기·전자
004590,한국가구,유통
039340,한국경제TV,오락·문화
034950,한국기업평가,일반서비스
222980,한국맥널티,음식료·담배
256840,한국비엔씨,제약
219750,한국비티비,의료·정밀기기
025550,한국선재,금속
017890,한국알콜,화학
080720,한국유니온제약,제약
041460,한국전자인증,IT 서비스
101680,한국정밀기계,기계·장비
039740,한국정보공학,유통
053300,한국정보인증,IT 서비스
025770,한국정보통신,통신
464440,한국제13호스팩,금융
479880,한국제15호스팩,금융
062970,한국첨단소재,전기·전자
023760,한국캐피탈,금융
054040,한국컴퓨터,전기·전자
021650,한국큐빅,화학
032300,한국파마,제약
037230,한국팩키지,종이·목재
448900,한국피아이엠,운송장비·부품
030520,한글과컴퓨터,IT 서비스
052600,한네트,통신
256150,한독크린텍,기계·장비
092460,한라IMS,운송장비·부품
125490,한라캐스트,운송장비·부품
452190,한빛레이저,기계·장비
047080,한빛소프트,IT 서비스
452280,한선엔지니어링,금속
066980,한성크린텍,일반서비스
114810,한솔아이원스,기계·장비
042520,한스바이오메드,제약
430690,한싹,IT 서비스
078350,한양디지텍,전기·전자
045100,한양이엔지,일반서비스
320000,한울반도체,기계·장비
091440,한울소재과학,전기·전자
276730,한울앤제주,음식료·담배
024740,한일단조,운송장비·부품
005860,한일사료,음식료·담배
007770,한일화학,화학
198940,한주라이트메탈,금속
058450,한주에이알티,오락·문화
107640,한중엔시에스,전기·전자
079170,한창산업,금속
054920,한컴위드,IT 서비스
457370,한켐,화학
002680,한탑,음식료·담배
098070,한텍,금속
408470,한패스,금융
498390,한화플러스제5호스팩,금융
034810,해성산업,금융
03481K,해성산업1우,금융
059270,해성에어로보틱스,금속
076610,해성옵틱스,의료·정밀기기
220180,핸디소프트,IT 서비스
900270,헝셩그룹,금융
214180,헥토이노베이션,IT 서비스
234340,헥토파이낸셜,금융
084990,헬릭스미스,일반서비스
170030,현대공업,운송장비·부품
319400,현대무벡스,기계·장비
048410,현대바이오,화학
052260,현대바이오랜드,화학
016790,현대사료,음식료·담배
041440,현대에버다임,기계·장비
039010,현대에이치티,전기·전자
090850,현대이지웰,IT 서비스
460930,현대힘스,운송장비·부품
092300,현우산업,전기·전자
011080,형지I&C,섬유·의류
308100,형지글로벌,유통
064240,홈캐스트,유통
039610,화성밸브,기계·장비
126640,화신정공,운송장비·부품
127980,화인써키트,전기·전자
061250,화일약품,제약
097870,효성오앤비,화학
290270,휴네시온,IT 서비스
353190,휴럼,음식료·담배
090710,휴림로봇,기계·장비
078590,휴림에이텍,운송장비·부품
205470,휴마시스,제약
115160,휴맥스,유통
028080,휴맥스홀딩스,IT 서비스
175140,휴먼테크놀로지,전기·전자
200670,휴메딕스,제약
065510,휴비츠,의료·정밀기기
263920,휴엠앤씨,기타제조
243070,휴온스,제약
084110,휴온스글로벌,제약
145020,휴젤,제약
024060,흥구석유,유통
010240,흥국,기계·장비
189980,흥국에프엔비,음식료·담배
037440,희림,일반서비스
238490,힘스,기계·장비
